order_id,order_date,region,product,quantity,unit_price,customer_email,phone,total_amount,email_valid
ORD-00001,2025-04-13,CEBU,Cooking Oil 1L,5,562.36,customer0@outlook.ph,9216066793,2811.8,True
ORD-00002,2025-12-15,NCR,Rice 25kg,16,606.34,customer1@gmail.com,9510751046,9701.44,True
ORD-00003,2025-09-28,ILOILO,Cooking Oil 1L,1,1049.29,customer2@gmail.com,9141580226,1049.29,True
ORD-00004,2025-04-17,DAVAO,Sugar 1kg,14,595.07,customer3@outlook.ph,9605399561,8330.98,True
ORD-00005,2025-03-13,ILOILO,Instant Coffee,15,684.07,customer4@yahoo.com,9338836384,10261.05,True
ORD-00006,2025-07-08,ILOILO,Canned Sardines,9,371.57,customer5@gmail.com,9314289692,3344.13,True
ORD-00007,2025-01-21,CEBU,Sugar 1kg,15,572.41,customer6@gmail.com,9976803188,8586.15,True
ORD-00008,2025-04-13,DAVAO,Rice 25kg,17,356.36,customer7@gmail.com,9594246837,6058.12,True
ORD-00009,2025-05-02,ILOILO,Rice 25kg,4,128.33,customer8@outlook.ph,9475442872,513.32,True
ORD-00010,2025-08-03,NCR,Rice 25kg,12,913.1,customer9@gmail.com,9427696198,10957.2,True
ORD-00011,2025-11-27,NCR,Rice 25kg,5,1008.95,customer10@outlook.ph,9981044229,5044.75,True
ORD-00012,2025-03-29,BAGUIO,Rice 25kg,5,936.85,customer11@outlook.ph,9953995721,4684.25,True
ORD-00013,2025-04-10,DAVAO,Cooking Oil 1L,11,705.97,customer12@outlook.ph,9344378798,7765.67,True
ORD-00014,2025-12-26,DAVAO,Sugar 1kg,6,582.08,customer13@gmail.com,9339362341,3492.48,True
ORD-00015,2025-06-01,BAGUIO,Canned Sardines,7,1297.73,customer14@outlook.ph,9125409494,9084.11,True
ORD-00016,2025-05-11,ILOILO,Instant Coffee,14,788.24,customer15@yahoo.com,9808705238,11035.36,True
ORD-00017,2025-05-30,DAVAO,Instant Coffee,11,729.19,customer16@gmail.com,9307371533,8021.09,True
ORD-00018,2025-11-05,NCR,Sugar 1kg,13,57.95,customer17@gmail.com,9527849588,753.35,True
ORD-00019,2025-09-15,NCR,Sugar 1kg,2,525.05,customer18@gmail.com,9452468587,1050.1,True
ORD-00020,2025-12-10,CEBU,Instant Coffee,7,582.69,customer19@gmail.com,9399147754,4078.83,True
ORD-00021,2025-10-21,DAVAO,Instant Coffee,4,610.26,customer20@gmail.com,9174539964,2441.04,True
ORD-00022,2025-07-11,ILOILO,Cooking Oil 1L,8,878.66,customer21@outlook.ph,9930353157,7029.28,True
ORD-00023,2025-10-04,BAGUIO,Laundry Soap,19,809.73,customer22@outlook.ph,9399708182,15384.87,True
ORD-00024,2025-06-10,BAGUIO,Canned Sardines,13,919.7,customer23@gmail.com,9477040284,11956.1,True
ORD-00025,2025-11-10,ILOILO,Rice 25kg,14,1152.03,customer24@outlook.ph,9788785773,16128.42,True
ORD-00026,2025-01-22,CEBU,Laundry Soap,10,1223.22,customer25@gmail.com,9646970178,12232.2,True
ORD-00027,2025-09-10,BAGUIO,Sugar 1kg,11,1082.82,customer26@outlook.ph,9529151399,11911.02,True
ORD-00028,2025-08-24,DAVAO,Instant Coffee,2,1434.18,invalid-email,9829627019,2868.36,False
ORD-00029,2025-12-11,CEBU,Laundry Soap,9,46.98,customer28@outlook.ph,9675757257,422.82,True
ORD-00030,2025-02-18,DAVAO,Canned Sardines,17,309.75,customer29@outlook.ph,9455569462,5265.75,True
ORD-00031,2025-02-28,NCR,Sugar 1kg,3,31.19,customer30@yahoo.com,9129635852,93.57,True
ORD-00032,2025-06-19,CEBU,Rice 25kg,6,978.26,customer31@gmail.com,9223847257,5869.56,True
ORD-00033,2025-07-07,BAGUIO,Rice 25kg,5,1349.09,customer32@yahoo.com,9380477683,6745.45,True
ORD-00034,2025-09-28,CEBU,Canned Sardines,5,380.35,customer33@outlook.ph,9291735734,1901.75,True
ORD-00035,2025-07-09,CEBU,Canned Sardines,15,1392.01,customer34@yahoo.com,9723403479,20880.15,True
ORD-00036,2025-06-24,CEBU,Instant Coffee,17,109.2,customer35@gmail.com,9385042337,1856.4,True
ORD-00037,2025-02-20,CEBU,Rice 25kg,9,1402.97,customer36@gmail.com,9141078352,12626.73,True
ORD-00038,2025-12-30,DAVAO,Sugar 1kg,3,540.4,invalid-email,9216396351,1621.2,False
ORD-00039,2025-02-24,NCR,Laundry Soap,17,170.1,customer38@yahoo.com,9740563507,2891.7,True
ORD-00040,2025-09-01,ILOILO,Sugar 1kg,10,739.09,customer39@yahoo.com,9566609283,7390.9,True
ORD-00041,2025-11-16,CEBU,Cooking Oil 1L,3,400.03,customer40@yahoo.com,9471178705,1200.09,True
ORD-00042,2025-05-11,BAGUIO,Cooking Oil 1L,18,441.61,customer41@gmail.com,9882269302,7948.98,True
ORD-00043,2025-11-03,CEBU,Canned Sardines,18,474.79,customer42@gmail.com,9944420824,8546.22,True
ORD-00044,2025-05-15,BAGUIO,Instant Coffee,17,1208.48,customer43@yahoo.com,9436808455,20544.16,True
ORD-00045,2025-01-21,DAVAO,Cooking Oil 1L,3,817.96,customer44@gmail.com,9568574364,2453.88,True
ORD-00046,2025-11-25,BAGUIO,Rice 25kg,3,480.74,customer45@gmail.com,9750911797,1442.22,True
ORD-00047,2025-06-16,ILOILO,Sugar 1kg,6,923.29,customer46@yahoo.com,9649136331,5539.74,True
ORD-00048,2025-10-01,NCR,Sugar 1kg,13,1079.9,customer47@gmail.com,9224173718,14038.7,True
ORD-00049,2025-03-30,BAGUIO,Canned Sardines,15,423.48,customer48@yahoo.com,9513600440,6352.2,True
ORD-00050,2025-11-12,BAGUIO,Laundry Soap,9,632.05,customer49@yahoo.com,9719106699,5688.45,True
ORD-00051,2025-01-14,NCR,Canned Sardines,4,200.39,customer50@outlook.ph,9304095531,801.56,True
ORD-00052,2025-08-30,ILOILO,Laundry Soap,14,288.1,customer51@yahoo.com,9373506211,4033.4,True
ORD-00053,2025-09-22,CEBU,Canned Sardines,5,1028.05,customer52@gmail.com,9147659674,5140.25,True
ORD-00054,2025-12-12,BAGUIO,Canned Sardines,2,288.53,customer53@outlook.ph,9861052404,577.06,True
ORD-00055,2025-02-22,NCR,Canned Sardines,11,797.24,customer54@yahoo.com,9568213197,8769.64,True
ORD-00056,2025-12-06,DAVAO,Laundry Soap,9,1069.39,customer55@outlook.ph,9101815992,9624.51,True
ORD-00057,2025-04-02,NCR,Laundry Soap,3,178.18,customer56@gmail.com,9658260221,534.54,True
ORD-00058,2025-09-21,DAVAO,Canned Sardines,9,859.62,customer57@yahoo.com,9965984448,7736.58,True
ORD-00059,2025-02-04,ILOILO,Cooking Oil 1L,3,399.71,customer58@gmail.com,9678158427,1199.13,True
ORD-00060,2025-07-25,CEBU,Instant Coffee,2,1445.13,customer59@outlook.ph,9837507241,2890.26,True
ORD-00061,2025-03-22,NCR,Instant Coffee,12,735.65,customer60@yahoo.com,9872482077,8827.8,True
ORD-00062,2025-02-19,BAGUIO,Instant Coffee,10,1212.87,customer61@outlook.ph,9896662826,12128.7,True
ORD-00063,2025-12-26,ILOILO,Laundry Soap,9,834.34,customer62@outlook.ph,9891388192,7509.06,True
ORD-00064,2025-01-02,NCR,Laundry Soap,15,84.25,customer63@yahoo.com,9820081872,1263.75,True
ORD-00065,2025-02-23,BAGUIO,Cooking Oil 1L,8,957.06,customer64@outlook.ph,9311564862,7656.48,True
ORD-00066,2025-04-16,NCR,Instant Coffee,5,1428.08,customer65@gmail.com,9491079829,7140.4,True
ORD-00067,2025-09-17,DAVAO,Instant Coffee,11,910.39,customer66@outlook.ph,9563102056,10014.29,True
ORD-00068,2025-11-06,NCR,Canned Sardines,2,1232.4,customer67@gmail.com,9175133802,2464.8,True
ORD-00069,2025-07-10,NCR,Laundry Soap,15,1328.63,customer68@gmail.com,9813219781,19929.45,True
ORD-00070,2025-08-06,NCR,Instant Coffee,6,357.56,customer69@outlook.ph,9454549587,2145.36,True
ORD-00071,2025-02-13,ILOILO,Sugar 1kg,8,333.83,customer70@gmail.com,9769108025,2670.64,True
ORD-00072,2025-06-11,NCR,Cooking Oil 1L,5,924.25,customer71@yahoo.com,9437064353,4621.25,True
ORD-00073,2025-07-21,BAGUIO,Sugar 1kg,16,628.32,customer72@gmail.com,9812306873,10053.12,True
ORD-00074,2025-09-27,DAVAO,Sugar 1kg,18,1262.99,customer73@gmail.com,9233815413,22733.82,True
ORD-00075,2025-12-17,DAVAO,Cooking Oil 1L,6,1352.03,customer74@gmail.com,9872830248,8112.18,True
ORD-00076,2025-10-31,NCR,Sugar 1kg,5,543.06,customer75@yahoo.com,9422468580,2715.3,True
ORD-00077,2025-09-28,ILOILO,Instant Coffee,16,370.57,customer76@yahoo.com,9644518647,5929.12,True
ORD-00078,2025-08-03,ILOILO,Laundry Soap,13,1175.18,customer77@yahoo.com,9432091877,15277.34,True
ORD-00079,2025-09-09,BAGUIO,Cooking Oil 1L,5,426.71,customer78@outlook.ph,9816070802,2133.55,True
ORD-00080,2025-07-09,NCR,Canned Sardines,13,1237.47,customer79@yahoo.com,9538508549,16087.11,True
ORD-00081,2025-10-23,DAVAO,Sugar 1kg,17,647.13,customer80@gmail.com,9450236225,11001.21,True
ORD-00082,2025-08-01,ILOILO,Cooking Oil 1L,18,1007.97,customer81@yahoo.com,9532074125,18143.46,True
ORD-00083,2025-07-27,NCR,Rice 25kg,8,161.39,customer82@yahoo.com,9848621833,1291.12,True
ORD-00084,2025-08-25,ILOILO,Rice 25kg,13,943.31,customer83@gmail.com,9417457352,12263.03,True
ORD-00085,2025-12-04,ILOILO,Laundry Soap,19,688.62,customer84@outlook.ph,9695295870,13083.78,True
ORD-00086,2025-02-22,DAVAO,Instant Coffee,3,888.18,customer85@yahoo.com,9236674237,2664.54,True
ORD-00087,2025-10-07,CEBU,Laundry Soap,8,268.66,customer86@outlook.ph,9305986733,2149.28,True
ORD-00088,2025-08-05,BAGUIO,Laundry Soap,2,1110.57,customer87@outlook.ph,9551450815,2221.14,True
ORD-00089,2025-09-09,BAGUIO,Laundry Soap,8,1296.94,customer88@outlook.ph,9813962536,10375.52,True
ORD-00090,2025-07-07,DAVAO,Laundry Soap,13,340.77,customer89@gmail.com,9507104143,4430.01,True
ORD-00091,2025-02-10,ILOILO,Canned Sardines,13,161.66,customer90@outlook.ph,9827264603,2101.58,True
ORD-00092,2025-06-06,NCR,Canned Sardines,1,54.99,customer91@outlook.ph,9903303363,54.99,True
ORD-00093,2025-01-15,ILOILO,Cooking Oil 1L,6,970.12,customer92@gmail.com,9286860433,5820.72,True
ORD-00094,2025-10-28,DAVAO,Rice 25kg,19,918.5,customer93@outlook.ph,9760904107,17451.5,True
ORD-00095,2025-03-06,BAGUIO,Laundry Soap,16,829.11,customer94@outlook.ph,9711072118,13265.76,True
ORD-00096,2025-12-11,ILOILO,Cooking Oil 1L,8,363.28,customer95@gmail.com,9423142470,2906.24,True
ORD-00097,2025-11-23,BAGUIO,Rice 25kg,1,598.54,customer96@gmail.com,9536019893,598.54,True
ORD-00098,2025-01-09,NCR,Sugar 1kg,16,899.82,customer97@yahoo.com,9688343096,14397.12,True
ORD-00099,2025-12-10,BAGUIO,Instant Coffee,9,755.21,customer98@yahoo.com,9995205588,6796.89,True
ORD-00100,2025-05-09,BAGUIO,Canned Sardines,13,1481.92,customer99@yahoo.com,9100435874,19264.96,True
ORD-00101,2025-05-16,CEBU,Sugar 1kg,11,221.93,customer100@outlook.ph,9426283245,2441.23,True
ORD-00102,2025-03-04,CEBU,Rice 25kg,13,1048.81,customer101@outlook.ph,9408071259,13634.53,True
ORD-00103,2025-05-19,CEBU,Sugar 1kg,10,618.39,customer102@outlook.ph,9325681936,6183.9,True
ORD-00104,2025-03-22,BAGUIO,Instant Coffee,4,653.74,customer103@gmail.com,9561588882,2614.96,True
ORD-00105,2025-06-12,DAVAO,Rice 25kg,6,1082.04,customer104@outlook.ph,9943702118,6492.24,True
ORD-00106,2025-10-16,BAGUIO,Sugar 1kg,7,1044.81,customer105@yahoo.com,9722753913,7313.67,True
ORD-00107,2025-09-18,DAVAO,Canned Sardines,5,1487.06,customer106@gmail.com,9751397897,7435.3,True
ORD-00108,2025-08-19,DAVAO,Canned Sardines,11,210.02,customer107@gmail.com,9802984810,2310.22,True
ORD-00109,2025-02-10,CEBU,Cooking Oil 1L,13,174.08,customer108@gmail.com,9446012478,2263.04,True
ORD-00110,2025-01-28,ILOILO,Sugar 1kg,19,1092.02,customer109@yahoo.com,9599277266,20748.38,True
ORD-00111,2025-05-15,NCR,Laundry Soap,10,876.01,customer110@yahoo.com,9574364121,8760.1,True
ORD-00112,2025-07-20,CEBU,Sugar 1kg,10,425.76,customer111@yahoo.com,9574765466,4257.6,True
ORD-00113,2025-11-24,CEBU,Rice 25kg,11,137.54,customer112@gmail.com,9825449223,1512.94,True
ORD-00114,2025-09-25,ILOILO,Rice 25kg,7,146.77,customer113@gmail.com,9329460134,1027.39,True
ORD-00115,2025-02-02,NCR,Sugar 1kg,18,1343.4,customer114@outlook.ph,9648868899,24181.2,True
ORD-00116,2025-02-17,BAGUIO,Instant Coffee,4,303.96,customer115@outlook.ph,9608079792,1215.84,True
ORD-00117,2025-03-03,BAGUIO,Canned Sardines,2,498.59,customer116@yahoo.com,9952266893,997.18,True
ORD-00118,2025-08-04,CEBU,Rice 25kg,14,355.45,customer117@gmail.com,9954725078,4976.3,True
ORD-00119,2025-10-20,NCR,Canned Sardines,13,545.39,customer118@outlook.ph,9890232588,7090.07,True
ORD-00120,2025-04-09,CEBU,Rice 25kg,12,122.75,customer119@yahoo.com,9282204745,1473.0,True
ORD-00121,2025-06-21,DAVAO,Cooking Oil 1L,7,788.21,customer120@yahoo.com,9807435606,5517.47,True
ORD-00122,2025-12-26,CEBU,Laundry Soap,2,120.07,customer121@outlook.ph,9191048514,240.14,True
ORD-00123,2025-08-02,CEBU,Rice 25kg,13,1204.53,customer122@yahoo.com,9404713332,15658.89,True
ORD-00124,2025-02-04,BAGUIO,Canned Sardines,14,365.89,customer123@gmail.com,9653462378,5122.46,True
ORD-00125,2025-08-15,BAGUIO,Cooking Oil 1L,17,819.22,customer124@yahoo.com,9812807629,13926.74,True
ORD-00126,2025-04-11,BAGUIO,Rice 25kg,9,1322.52,customer125@gmail.com,9779615069,11902.68,True
ORD-00127,2025-05-11,DAVAO,Instant Coffee,17,983.3,customer126@gmail.com,9764926227,16716.1,True
ORD-00128,2025-09-14,BAGUIO,Laundry Soap,8,808.78,customer127@outlook.ph,9459905654,6470.24,True
ORD-00129,2025-01-05,NCR,Rice 25kg,2,500.01,customer128@outlook.ph,9200273738,1000.02,True
ORD-00130,2025-08-06,NCR,Cooking Oil 1L,13,512.84,customer129@outlook.ph,9978775497,6666.92,True
ORD-00131,2025-09-12,NCR,Instant Coffee,3,1010.84,invalid-email,9906528433,3032.52,False
ORD-00132,2025-12-25,NCR,Sugar 1kg,16,1491.33,customer131@outlook.ph,9352188235,23861.28,True
ORD-00133,2025-10-10,BAGUIO,Cooking Oil 1L,6,999.52,customer132@outlook.ph,9822408848,5997.12,True
ORD-00134,2025-07-26,ILOILO,Cooking Oil 1L,19,845.52,customer133@yahoo.com,9433310361,16064.88,True
ORD-00135,2025-01-15,ILOILO,Instant Coffee,7,1101.36,customer134@outlook.ph,9341206079,7709.52,True
ORD-00136,2025-12-12,ILOILO,Cooking Oil 1L,10,708.5,customer135@yahoo.com,9966040317,7085.0,True
ORD-00137,2025-02-11,DAVAO,Instant Coffee,9,109.01,customer136@yahoo.com,9313814138,981.09,True
ORD-00138,2025-06-28,BAGUIO,Rice 25kg,2,852.2,customer137@gmail.com,9258220114,1704.4,True
ORD-00139,2025-03-04,ILOILO,Instant Coffee,15,1437.29,customer138@gmail.com,9126226563,21559.35,True
ORD-00140,2025-12-18,DAVAO,Instant Coffee,5,279.45,customer139@outlook.ph,9149621604,1397.25,True
ORD-00141,2025-08-19,CEBU,Laundry Soap,4,1041.21,customer140@yahoo.com,9362897676,4164.84,True
ORD-00142,2025-08-29,CEBU,Instant Coffee,4,317.38,customer141@gmail.com,9610173760,1269.52,True
ORD-00143,2025-02-21,DAVAO,Instant Coffee,18,813.02,customer142@gmail.com,9756350429,14634.36,True
ORD-00144,2025-04-06,DAVAO,Sugar 1kg,4,163.08,customer143@gmail.com,9925159146,652.32,True
ORD-00145,2025-08-10,BAGUIO,Rice 25kg,17,686.55,customer144@gmail.com,9178198716,11671.35,True
ORD-00146,2025-08-19,BAGUIO,Laundry Soap,12,1139.12,customer145@outlook.ph,9588999385,13669.44,True
ORD-00147,2025-08-25,CEBU,Sugar 1kg,17,534.41,customer146@gmail.com,9545002643,9084.97,True
ORD-00148,2025-05-23,ILOILO,Canned Sardines,10,1004.07,customer147@outlook.ph,9776205431,10040.7,True
ORD-00149,2025-06-20,CEBU,Rice 25kg,1,1197.27,customer148@yahoo.com,9718121922,1197.27,True
ORD-00150,2025-01-29,ILOILO,Rice 25kg,18,1392.22,customer149@outlook.ph,9308773243,25059.96,True
ORD-00151,2025-02-05,ILOILO,Canned Sardines,18,367.27,customer150@gmail.com,9871318048,6610.86,True
ORD-00152,2025-01-13,BAGUIO,Instant Coffee,14,610.99,customer151@yahoo.com,9847704681,8553.86,True
ORD-00153,2025-06-09,NCR,Sugar 1kg,15,245.58,customer152@yahoo.com,9512293741,3683.7,True
ORD-00154,2025-11-23,NCR,Cooking Oil 1L,12,1488.88,customer153@outlook.ph,9630833445,17866.56,True
ORD-00155,2025-07-06,DAVAO,Laundry Soap,4,1391.96,customer154@yahoo.com,9529123992,5567.84,True
ORD-00156,2025-08-31,BAGUIO,Cooking Oil 1L,3,819.14,customer155@outlook.ph,9361976301,2457.42,True
ORD-00157,2025-03-27,ILOILO,Canned Sardines,12,1266.21,customer156@yahoo.com,9258453521,15194.52,True
ORD-00158,2025-10-11,NCR,Rice 25kg,7,791.02,customer157@outlook.ph,9804436922,5537.14,True
ORD-00159,2025-03-07,ILOILO,Rice 25kg,11,942.91,customer158@gmail.com,9838328947,10372.01,True
ORD-00160,2025-06-19,NCR,Laundry Soap,1,151.9,customer159@outlook.ph,9105953697,151.9,True
ORD-00161,2025-02-14,NCR,Rice 25kg,6,1137.8,customer160@outlook.ph,9906341966,6826.8,True
ORD-00162,2025-03-03,NCR,Rice 25kg,15,209.02,customer161@gmail.com,9926830795,3135.3,True
ORD-00163,2025-05-14,BAGUIO,Laundry Soap,15,1242.58,customer162@outlook.ph,9214447237,18638.7,True
ORD-00164,2025-10-11,CEBU,Sugar 1kg,19,1177.4,customer163@outlook.ph,9935822550,22370.6,True
ORD-00165,2025-01-28,ILOILO,Sugar 1kg,11,1068.94,customer164@yahoo.com,9556497252,11758.34,True
ORD-00166,2025-04-18,BAGUIO,Laundry Soap,2,73.52,customer165@outlook.ph,9334978881,147.04,True
ORD-00167,2025-02-13,BAGUIO,Canned Sardines,14,468.63,customer166@yahoo.com,9288856883,6560.82,True
ORD-00168,2025-12-06,BAGUIO,Rice 25kg,2,409.41,customer167@gmail.com,9963406382,818.82,True
ORD-00169,2025-10-13,BAGUIO,Rice 25kg,4,553.0,customer168@yahoo.com,9847229579,2212.0,True
ORD-00170,2025-11-27,BAGUIO,Canned Sardines,17,149.71,customer169@yahoo.com,9656152900,2545.07,True
ORD-00171,2025-05-08,DAVAO,Sugar 1kg,3,1406.7,customer170@gmail.com,9598806645,4220.1,True
ORD-00172,2025-12-14,ILOILO,Instant Coffee,13,839.63,customer171@yahoo.com,9153921577,10915.19,True
ORD-00173,2025-08-19,BAGUIO,Instant Coffee,9,472.18,customer172@gmail.com,9698509918,4249.62,True
ORD-00174,2025-07-09,ILOILO,Instant Coffee,7,607.53,customer173@outlook.ph,9367574609,4252.71,True
ORD-00175,2025-08-13,DAVAO,Sugar 1kg,15,681.86,customer174@outlook.ph,9230307805,10227.9,True
ORD-00176,2025-10-10,DAVAO,Sugar 1kg,11,908.88,customer175@yahoo.com,9590122159,9997.68,True
ORD-00177,2025-05-01,ILOILO,Canned Sardines,2,783.21,customer176@outlook.ph,9243171768,1566.42,True
ORD-00178,2025-04-26,NCR,Rice 25kg,15,1380.7,customer177@gmail.com,9960514523,20710.5,True
ORD-00179,2025-08-21,CEBU,Canned Sardines,14,755.51,customer178@outlook.ph,9598906879,10577.14,True
ORD-00180,2025-09-16,NCR,Canned Sardines,11,1488.39,customer179@gmail.com,9816806128,16372.29,True
ORD-00181,2025-12-25,NCR,Sugar 1kg,3,1280.11,customer180@outlook.ph,9670298515,3840.33,True
ORD-00182,2025-07-17,NCR,Instant Coffee,17,328.6,customer181@yahoo.com,9700141462,5586.2,True
ORD-00183,2025-05-17,BAGUIO,Cooking Oil 1L,12,1397.28,customer182@outlook.ph,9739362057,16767.36,True
ORD-00184,2025-11-14,DAVAO,Rice 25kg,15,192.22,customer183@outlook.ph,9440696084,2883.3,True
ORD-00185,2025-06-14,NCR,Sugar 1kg,16,1229.83,customer184@outlook.ph,9910943524,19677.28,True
ORD-00186,2025-08-13,DAVAO,Instant Coffee,5,583.32,customer185@gmail.com,9575209597,2916.6,True
ORD-00187,2025-11-03,ILOILO,Cooking Oil 1L,6,1319.4,customer186@gmail.com,9757830420,7916.4,True
ORD-00188,2025-08-22,CEBU,Cooking Oil 1L,19,1304.72,customer187@yahoo.com,9975106572,24789.68,True
ORD-00189,2025-06-21,ILOILO,Sugar 1kg,5,1212.77,customer188@gmail.com,9872314530,6063.85,True
ORD-00190,2025-06-01,ILOILO,Laundry Soap,3,1189.25,customer189@outlook.ph,9642001424,3567.75,True
ORD-00191,2025-11-11,BAGUIO,Rice 25kg,1,470.93,customer190@outlook.ph,9558209399,470.93,True
ORD-00192,2025-06-09,CEBU,Cooking Oil 1L,6,139.76,invalid-email,9991816852,838.56,False
ORD-00193,2025-04-06,ILOILO,Sugar 1kg,15,616.41,customer192@outlook.ph,9688273030,9246.15,True
ORD-00194,2025-08-21,ILOILO,Sugar 1kg,2,276.82,customer193@yahoo.com,9578796089,553.64,True
ORD-00195,2025-06-29,CEBU,Instant Coffee,3,1048.53,customer194@yahoo.com,9270894498,3145.59,True
ORD-00196,2025-04-23,CEBU,Laundry Soap,17,532.23,customer195@gmail.com,9898493949,9047.91,True
ORD-00197,2025-11-14,ILOILO,Rice 25kg,12,1463.9,customer196@gmail.com,9609677794,17566.8,True
ORD-00198,2025-02-21,CEBU,Canned Sardines,18,968.64,customer197@yahoo.com,9583258726,17435.52,True
ORD-00199,2025-09-25,ILOILO,Instant Coffee,15,1237.27,customer198@yahoo.com,9378304807,18559.05,True
ORD-00200,2025-10-22,ILOILO,Cooking Oil 1L,12,216.14,customer199@gmail.com,9907214179,2593.68,True
ORD-00201,2025-04-23,BAGUIO,Cooking Oil 1L,16,1295.78,customer200@gmail.com,9365471644,20732.48,True
ORD-00202,2025-04-11,NCR,Instant Coffee,8,1385.68,customer201@gmail.com,9784683755,11085.44,True
ORD-00203,2025-04-23,ILOILO,Sugar 1kg,14,740.85,customer202@outlook.ph,9397760792,10371.9,True
ORD-00204,2025-03-22,DAVAO,Cooking Oil 1L,17,917.25,customer203@gmail.com,9922286180,15593.25,True
ORD-00205,2025-07-06,NCR,Laundry Soap,8,1151.92,customer204@gmail.com,9935021998,9215.36,True
ORD-00206,2025-04-23,NCR,Rice 25kg,15,278.76,customer205@outlook.ph,9659741412,4181.4,True
ORD-00207,2025-01-02,NCR,Laundry Soap,14,763.8,customer206@yahoo.com,9620332086,10693.2,True
ORD-00208,2025-05-10,BAGUIO,Cooking Oil 1L,18,610.02,customer207@gmail.com,9772966010,10980.36,True
ORD-00209,2025-08-08,ILOILO,Canned Sardines,7,236.63,customer208@outlook.ph,9356888294,1656.41,True
ORD-00210,2025-02-23,BAGUIO,Rice 25kg,3,563.95,customer209@gmail.com,9394846763,1691.85,True
ORD-00211,2025-12-09,ILOILO,Rice 25kg,12,120.9,customer210@gmail.com,9572309605,1450.8,True
ORD-00212,2025-08-12,BAGUIO,Instant Coffee,3,58.2,invalid-email,9183197117,174.6,False
ORD-00213,2025-08-13,BAGUIO,Instant Coffee,14,220.05,customer212@yahoo.com,9866162966,3080.7,True
ORD-00214,2025-05-06,DAVAO,Canned Sardines,15,1445.41,customer213@outlook.ph,9406798268,21681.15,True
ORD-00215,2025-05-10,BAGUIO,Sugar 1kg,14,833.3,customer214@gmail.com,9351785565,11666.2,True
ORD-00216,2025-02-22,CEBU,Rice 25kg,7,1449.42,customer215@yahoo.com,9391751878,10145.94,True
ORD-00217,2025-06-21,DAVAO,Canned Sardines,17,660.1,customer216@outlook.ph,9460613550,11221.7,True
ORD-00218,2025-08-06,BAGUIO,Instant Coffee,12,481.49,customer217@outlook.ph,9443285529,5777.88,True
ORD-00219,2025-06-09,NCR,Instant Coffee,4,769.09,customer218@yahoo.com,9679984033,3076.36,True
ORD-00220,2025-07-17,CEBU,Rice 25kg,9,670.48,customer219@gmail.com,9186519602,6034.32,True
ORD-00221,2025-09-04,CEBU,Laundry Soap,6,176.38,customer220@outlook.ph,9248578017,1058.28,True
ORD-00222,2025-11-20,CEBU,Cooking Oil 1L,16,968.42,customer221@outlook.ph,9261953189,15494.72,True
ORD-00223,2025-07-22,DAVAO,Instant Coffee,2,339.74,customer222@outlook.ph,9348315126,679.48,True
ORD-00224,2025-07-03,BAGUIO,Sugar 1kg,8,936.99,customer223@gmail.com,9511281012,7495.92,True
ORD-00225,2025-05-03,BAGUIO,Sugar 1kg,11,982.3,customer224@outlook.ph,9845122940,10805.3,True
ORD-00226,2025-09-12,NCR,Instant Coffee,13,245.0,customer225@yahoo.com,9264073400,3185.0,True
ORD-00227,2025-10-21,NCR,Laundry Soap,17,110.8,customer226@yahoo.com,9858511779,1883.6,True
ORD-00228,2025-10-07,CEBU,Laundry Soap,8,1175.53,customer227@outlook.ph,9329730155,9404.24,True
ORD-00229,2025-11-21,NCR,Canned Sardines,18,700.5,customer228@outlook.ph,9168965204,12609.0,True
ORD-00230,2025-04-08,DAVAO,Sugar 1kg,18,106.08,customer229@yahoo.com,9545461013,1909.44,True
ORD-00231,2025-07-17,BAGUIO,Canned Sardines,14,1492.4,customer230@yahoo.com,9537656494,20893.6,True
ORD-00232,2025-08-28,CEBU,Sugar 1kg,15,105.52,customer231@outlook.ph,9455281184,1582.8,True
ORD-00233,2025-05-24,NCR,Cooking Oil 1L,6,1048.65,customer232@yahoo.com,9682624278,6291.9,True
ORD-00234,2025-04-07,DAVAO,Cooking Oil 1L,11,1475.84,customer233@gmail.com,9600282414,16234.24,True
ORD-00235,2025-07-20,DAVAO,Rice 25kg,13,373.99,customer234@gmail.com,9546434187,4861.87,True
ORD-00236,2025-05-04,NCR,Canned Sardines,1,230.53,customer235@gmail.com,9166857303,230.53,True
ORD-00237,2025-07-06,BAGUIO,Instant Coffee,6,199.65,customer236@gmail.com,9322086735,1197.9,True
ORD-00238,2025-11-22,NCR,Canned Sardines,9,468.85,customer237@yahoo.com,9994310083,4219.65,True
ORD-00239,2025-12-15,CEBU,Instant Coffee,8,169.55,customer238@gmail.com,9551125671,1356.4,True
ORD-00240,2025-09-16,NCR,Laundry Soap,11,1044.4,invalid-email,9518197538,11488.4,False
ORD-00241,2025-05-28,DAVAO,Canned Sardines,19,112.19,customer240@outlook.ph,9926561919,2131.61,True
ORD-00242,2025-09-09,NCR,Laundry Soap,9,773.94,customer241@gmail.com,9727150493,6965.46,True
ORD-00243,2025-12-12,BAGUIO,Cooking Oil 1L,17,1495.11,customer242@outlook.ph,9846812123,25416.87,True
ORD-00244,2025-05-27,ILOILO,Cooking Oil 1L,12,1224.68,customer243@gmail.com,9120972273,14696.16,True
ORD-00245,2025-05-28,NCR,Rice 25kg,14,930.52,customer244@gmail.com,9922050912,13027.28,True
ORD-00246,2025-12-18,BAGUIO,Canned Sardines,15,473.26,customer245@gmail.com,9718142807,7098.9,True
ORD-00247,2025-07-18,BAGUIO,Laundry Soap,16,943.37,customer246@outlook.ph,9508431021,15093.92,True
ORD-00248,2025-11-04,DAVAO,Instant Coffee,1,800.02,customer247@outlook.ph,9612153089,800.02,True
ORD-00249,2025-05-08,BAGUIO,Cooking Oil 1L,10,650.6,customer248@gmail.com,9106330865,6506.0,True
ORD-00250,2025-02-08,BAGUIO,Cooking Oil 1L,8,213.45,customer249@gmail.com,9477698143,1707.6,True
ORD-00251,2025-12-04,BAGUIO,Instant Coffee,18,1332.17,customer250@gmail.com,9420632895,23979.06,True
ORD-00252,2025-12-26,BAGUIO,Laundry Soap,1,685.68,customer251@gmail.com,9909037759,685.68,True
ORD-00253,2025-05-09,CEBU,Laundry Soap,2,308.04,customer252@yahoo.com,9518744974,616.08,True
ORD-00254,2025-09-24,CEBU,Canned Sardines,1,564.28,customer253@gmail.com,9997356828,564.28,True
ORD-00255,2025-05-31,DAVAO,Canned Sardines,1,632.91,customer254@outlook.ph,9549920675,632.91,True
ORD-00256,2025-10-25,NCR,Sugar 1kg,9,1244.76,customer255@gmail.com,9677909930,11202.84,True
ORD-00257,2025-04-09,BAGUIO,Sugar 1kg,13,1105.75,customer256@yahoo.com,9902638839,14374.75,True
ORD-00258,2025-09-20,NCR,Rice 25kg,1,1158.57,customer257@outlook.ph,9888807316,1158.57,True
ORD-00259,2025-09-09,NCR,Cooking Oil 1L,13,36.33,customer258@yahoo.com,9686405096,472.29,True
ORD-00260,2025-05-24,DAVAO,Canned Sardines,7,635.91,customer259@gmail.com,9958851904,4451.37,True
ORD-00261,2025-12-12,BAGUIO,Laundry Soap,2,732.39,customer260@outlook.ph,9747737533,1464.78,True
ORD-00262,2025-04-22,BAGUIO,Instant Coffee,6,48.4,customer261@gmail.com,9336801619,290.4,True
ORD-00263,2025-03-01,ILOILO,Laundry Soap,7,404.52,customer262@outlook.ph,9624232414,2831.64,True
ORD-00264,2025-01-02,NCR,Cooking Oil 1L,14,1145.23,customer263@outlook.ph,9335602191,16033.22,True
ORD-00265,2025-10-31,NCR,Sugar 1kg,18,222.92,customer264@outlook.ph,9393062061,4012.56,True
ORD-00266,2025-09-11,CEBU,Laundry Soap,15,812.26,customer265@yahoo.com,9567975319,12183.9,True
ORD-00267,2025-05-20,ILOILO,Rice 25kg,2,338.5,customer266@gmail.com,9621454127,677.0,True
ORD-00268,2025-02-06,CEBU,Cooking Oil 1L,10,37.94,customer267@yahoo.com,9131165166,379.4,True
ORD-00269,2025-06-09,CEBU,Sugar 1kg,12,376.98,customer268@yahoo.com,9517532243,4523.76,True
ORD-00270,2025-01-09,CEBU,Instant Coffee,17,1464.29,customer269@gmail.com,9460916347,24892.93,True
ORD-00271,2025-08-21,DAVAO,Sugar 1kg,8,1206.27,customer270@gmail.com,9818197581,9650.16,True
ORD-00272,2025-04-09,DAVAO,Rice 25kg,11,1440.17,customer271@gmail.com,9829223044,15841.87,True
ORD-00273,2025-05-27,CEBU,Cooking Oil 1L,3,742.02,customer272@outlook.ph,9956998797,2226.06,True
ORD-00274,2025-10-31,ILOILO,Instant Coffee,6,182.41,customer273@yahoo.com,9534131719,1094.46,True
ORD-00275,2025-07-27,NCR,Rice 25kg,9,830.98,customer274@yahoo.com,9877583839,7478.82,True
ORD-00276,2025-05-11,ILOILO,Sugar 1kg,6,692.48,customer275@yahoo.com,9277215428,4154.88,True
ORD-00277,2025-06-01,BAGUIO,Rice 25kg,9,1269.65,customer276@yahoo.com,9601856351,11426.85,True
ORD-00278,2025-02-23,DAVAO,Cooking Oil 1L,7,165.16,customer277@yahoo.com,9237039296,1156.12,True
ORD-00279,2025-04-30,NCR,Canned Sardines,9,742.6,customer278@outlook.ph,9768143326,6683.4,True
ORD-00280,2025-06-10,NCR,Rice 25kg,18,242.07,customer279@gmail.com,9673510887,4357.26,True
ORD-00281,2025-04-26,NCR,Rice 25kg,12,500.52,customer280@outlook.ph,9128955006,6006.24,True
ORD-00282,2025-03-16,BAGUIO,Sugar 1kg,8,1111.29,customer281@outlook.ph,9523076025,8890.32,True
ORD-00283,2025-04-23,CEBU,Sugar 1kg,8,724.51,customer282@outlook.ph,9735540030,5796.08,True
ORD-00284,2025-04-14,DAVAO,Instant Coffee,18,576.31,customer283@gmail.com,9706011277,10373.58,True
ORD-00285,2025-12-06,DAVAO,Sugar 1kg,15,603.82,customer284@gmail.com,9811890569,9057.3,True
ORD-00286,2025-09-11,ILOILO,Laundry Soap,7,699.98,customer285@yahoo.com,9129100607,4899.86,True
ORD-00287,2025-08-15,CEBU,Cooking Oil 1L,11,1181.82,customer286@outlook.ph,9190137896,13000.02,True
ORD-00288,2025-04-22,CEBU,Cooking Oil 1L,16,1340.29,customer287@yahoo.com,9790147183,21444.64,True
ORD-00289,2025-04-09,CEBU,Canned Sardines,4,1433.9,customer288@gmail.com,9560219456,5735.6,True
ORD-00290,2025-06-02,CEBU,Canned Sardines,6,1184.62,customer289@gmail.com,9245706210,7107.72,True
ORD-00291,2025-12-15,DAVAO,Cooking Oil 1L,3,486.8,customer290@gmail.com,9595744935,1460.4,True
ORD-00292,2025-12-04,DAVAO,Canned Sardines,9,1038.44,invalid-email,9295130056,9345.96,False
ORD-00293,2025-07-13,CEBU,Instant Coffee,10,667.65,customer292@outlook.ph,9153992714,6676.5,True
ORD-00294,2025-11-06,ILOILO,Sugar 1kg,14,396.91,customer293@yahoo.com,9379340713,5556.74,True
ORD-00295,2025-06-12,NCR,Cooking Oil 1L,11,1264.49,customer294@gmail.com,9507059676,13909.39,True
ORD-00296,2025-07-27,NCR,Canned Sardines,18,76.87,customer295@yahoo.com,9451492250,1383.66,True
ORD-00297,2025-06-18,ILOILO,Cooking Oil 1L,12,1354.61,customer296@gmail.com,9327268503,16255.32,True
ORD-00298,2025-06-10,CEBU,Laundry Soap,12,702.99,customer297@yahoo.com,9588229686,8435.88,True
ORD-00299,2025-03-09,DAVAO,Rice 25kg,13,963.06,customer298@yahoo.com,9450948014,12519.78,True
ORD-00300,2025-10-16,NCR,Sugar 1kg,13,995.84,customer299@gmail.com,9462388455,12945.92,True
ORD-00301,2025-10-04,BAGUIO,Cooking Oil 1L,19,1344.77,customer300@gmail.com,9917364173,25550.63,True
ORD-00302,2025-10-31,BAGUIO,Rice 25kg,19,962.27,customer301@yahoo.com,9507083673,18283.13,True
ORD-00303,2025-05-15,ILOILO,Canned Sardines,14,928.62,customer302@outlook.ph,9398775766,13000.68,True
ORD-00304,2025-07-14,CEBU,Rice 25kg,4,118.65,customer303@gmail.com,9907464398,474.6,True
ORD-00305,2025-05-08,NCR,Sugar 1kg,13,787.24,customer304@gmail.com,9993271900,10234.12,True
ORD-00306,2025-02-02,CEBU,Cooking Oil 1L,8,242.25,customer305@outlook.ph,9552651788,1938.0,True
ORD-00307,2025-06-25,NCR,Laundry Soap,19,1111.4,customer306@outlook.ph,9370874491,21116.6,True
ORD-00308,2025-01-22,ILOILO,Canned Sardines,12,778.09,customer307@gmail.com,9996478772,9337.08,True
ORD-00309,2025-08-26,ILOILO,Cooking Oil 1L,18,1026.74,customer308@gmail.com,9187946147,18481.32,True
ORD-00310,2025-06-07,BAGUIO,Sugar 1kg,6,81.68,customer309@gmail.com,9604988121,490.08,True
ORD-00311,2025-02-07,CEBU,Canned Sardines,18,145.49,customer310@gmail.com,9120812641,2618.82,True
ORD-00312,2025-08-18,BAGUIO,Instant Coffee,19,1080.16,customer311@yahoo.com,9904258674,20523.04,True
ORD-00313,2025-12-31,CEBU,Rice 25kg,5,126.68,customer312@yahoo.com,9679196799,633.4,True
ORD-00314,2025-02-20,BAGUIO,Sugar 1kg,9,125.46,customer313@yahoo.com,9155926488,1129.14,True
ORD-00315,2025-09-21,NCR,Instant Coffee,3,37.92,customer314@gmail.com,9475767056,113.76,True
ORD-00316,2025-10-10,DAVAO,Cooking Oil 1L,10,1435.62,customer315@yahoo.com,9340756713,14356.2,True
ORD-00317,2025-01-27,DAVAO,Laundry Soap,19,1111.51,customer316@gmail.com,9798086909,21118.69,True
ORD-00318,2025-08-14,NCR,Canned Sardines,3,542.81,customer317@gmail.com,9173678414,1628.43,True
ORD-00319,2025-10-04,NCR,Rice 25kg,15,458.87,customer318@yahoo.com,9938842599,6883.05,True
ORD-00320,2025-10-13,DAVAO,Canned Sardines,1,537.56,customer319@gmail.com,9799816232,537.56,True
ORD-00321,2025-04-07,ILOILO,Cooking Oil 1L,7,1166.49,customer320@yahoo.com,9143226844,8165.43,True
ORD-00322,2025-10-11,ILOILO,Canned Sardines,12,998.83,customer321@yahoo.com,9909851739,11985.96,True
ORD-00323,2025-11-13,NCR,Rice 25kg,17,294.09,customer322@yahoo.com,9133318206,4999.53,True
ORD-00324,2025-10-31,DAVAO,Cooking Oil 1L,5,277.68,invalid-email,9365518424,1388.4,False
ORD-00325,2025-05-27,DAVAO,Canned Sardines,4,165.63,customer324@yahoo.com,9314061901,662.52,True
ORD-00326,2025-01-04,DAVAO,Laundry Soap,12,997.25,customer325@outlook.ph,9121882877,11967.0,True
ORD-00327,2025-02-04,BAGUIO,Sugar 1kg,18,1151.27,customer326@outlook.ph,9767154083,20722.86,True
ORD-00328,2025-07-11,CEBU,Cooking Oil 1L,17,412.27,customer327@outlook.ph,9263619298,7008.59,True
ORD-00329,2025-02-18,BAGUIO,Sugar 1kg,19,51.0,customer328@outlook.ph,9356135680,969.0,True
ORD-00330,2025-01-17,CEBU,Cooking Oil 1L,9,141.61,customer329@outlook.ph,9235528741,1274.49,True
ORD-00331,2025-06-21,DAVAO,Laundry Soap,4,1452.43,customer330@yahoo.com,9608482316,5809.72,True
ORD-00332,2025-08-08,DAVAO,Sugar 1kg,2,457.26,customer331@gmail.com,9818825964,914.52,True
ORD-00333,2025-06-07,BAGUIO,Instant Coffee,4,1158.45,customer332@gmail.com,9222824732,4633.8,True
ORD-00334,2025-02-15,BAGUIO,Rice 25kg,2,944.5,customer333@yahoo.com,9705557720,1889.0,True
ORD-00335,2025-01-06,CEBU,Instant Coffee,15,585.27,customer334@gmail.com,9334037646,8779.05,True
ORD-00336,2025-04-09,ILOILO,Canned Sardines,2,324.42,customer335@gmail.com,9599326438,648.84,True
ORD-00337,2025-08-21,CEBU,Laundry Soap,4,199.65,customer336@outlook.ph,9851044796,798.6,True
ORD-00338,2025-02-06,BAGUIO,Instant Coffee,6,930.22,customer337@outlook.ph,9375139575,5581.32,True
ORD-00339,2025-10-07,BAGUIO,Cooking Oil 1L,7,1166.46,customer338@outlook.ph,9923450567,8165.22,True
ORD-00340,2025-12-15,NCR,Canned Sardines,10,972.98,customer339@gmail.com,9496098177,9729.8,True
ORD-00341,2025-10-29,BAGUIO,Canned Sardines,19,804.85,customer340@outlook.ph,9280162221,15292.15,True
ORD-00342,2025-06-30,NCR,Instant Coffee,19,82.09,customer341@yahoo.com,9750572325,1559.71,True
ORD-00343,2025-04-05,ILOILO,Instant Coffee,12,1453.36,customer342@gmail.com,9752027025,17440.32,True
ORD-00344,2025-04-09,CEBU,Laundry Soap,3,1202.1,customer343@gmail.com,9903079055,3606.3,True
ORD-00345,2025-07-07,CEBU,Rice 25kg,13,453.38,customer344@outlook.ph,9871330207,5893.94,True
ORD-00346,2025-04-26,NCR,Instant Coffee,18,1470.36,customer345@yahoo.com,9222978730,26466.48,True
ORD-00347,2025-07-10,NCR,Instant Coffee,8,910.78,customer346@outlook.ph,9935147672,7286.24,True
ORD-00348,2025-09-10,BAGUIO,Sugar 1kg,15,881.99,customer347@outlook.ph,9979717936,13229.85,True
ORD-00349,2025-06-10,DAVAO,Cooking Oil 1L,1,1127.15,customer348@gmail.com,9275842194,1127.15,True
ORD-00350,2025-09-13,NCR,Sugar 1kg,3,1221.42,customer349@gmail.com,9433975497,3664.26,True
ORD-00351,2025-11-19,CEBU,Sugar 1kg,8,991.59,customer350@outlook.ph,9216070149,7932.72,True
ORD-00352,2025-05-08,NCR,Canned Sardines,4,209.58,customer351@gmail.com,9721358005,838.32,True
ORD-00353,2025-01-18,NCR,Rice 25kg,16,520.64,customer352@gmail.com,9127571992,8330.24,True
ORD-00354,2025-10-08,DAVAO,Cooking Oil 1L,10,1393.56,customer353@gmail.com,9434961542,13935.6,True
ORD-00355,2025-08-11,BAGUIO,Laundry Soap,12,352.43,customer354@outlook.ph,9718257024,4229.16,True
ORD-00356,2025-02-23,NCR,Laundry Soap,14,570.81,customer355@gmail.com,9827296111,7991.34,True
ORD-00357,2025-02-27,CEBU,Instant Coffee,14,659.47,customer356@outlook.ph,9502982778,9232.58,True
ORD-00358,2025-11-19,ILOILO,Instant Coffee,2,670.32,customer357@gmail.com,9525904456,1340.64,True
ORD-00359,2025-12-26,NCR,Laundry Soap,5,927.15,customer358@yahoo.com,9867741192,4635.75,True
ORD-00360,2025-06-23,NCR,Instant Coffee,5,1415.75,customer359@gmail.com,9312954978,7078.75,True
ORD-00361,2025-10-07,DAVAO,Rice 25kg,6,376.23,customer360@outlook.ph,9181600593,2257.38,True
ORD-00362,2025-04-24,BAGUIO,Sugar 1kg,13,199.82,customer361@gmail.com,9735760237,2597.66,True
ORD-00363,2025-10-15,ILOILO,Instant Coffee,9,312.26,customer362@outlook.ph,9841541582,2810.34,True
ORD-00364,2025-12-08,CEBU,Canned Sardines,15,1332.65,customer363@outlook.ph,9991819497,19989.75,True
ORD-00365,2025-05-31,ILOILO,Instant Coffee,14,975.8,customer364@gmail.com,9773496394,13661.2,True
ORD-00366,2025-05-07,CEBU,Cooking Oil 1L,7,443.14,customer365@outlook.ph,9360757540,3101.98,True
ORD-00367,2025-06-04,BAGUIO,Rice 25kg,2,1227.6,customer366@gmail.com,9209415691,2455.2,True
ORD-00368,2025-09-30,CEBU,Cooking Oil 1L,7,1294.83,customer367@yahoo.com,9848605284,9063.81,True
ORD-00369,2025-04-14,DAVAO,Cooking Oil 1L,6,1272.84,customer368@outlook.ph,9929445037,7637.04,True
ORD-00370,2025-10-26,DAVAO,Canned Sardines,17,1380.01,customer369@outlook.ph,9423821937,23460.17,True
ORD-00371,2025-09-03,DAVAO,Rice 25kg,2,393.32,customer370@outlook.ph,9834717549,786.64,True
ORD-00372,2025-06-25,DAVAO,Rice 25kg,3,1137.46,customer371@outlook.ph,9744687060,3412.38,True
ORD-00373,2025-02-08,ILOILO,Rice 25kg,5,701.6,customer372@yahoo.com,9964929067,3508.0,True
ORD-00374,2025-06-19,BAGUIO,Rice 25kg,5,1266.16,customer373@yahoo.com,9229981882,6330.8,True
ORD-00375,2025-09-04,CEBU,Rice 25kg,1,1098.17,customer374@gmail.com,9954942461,1098.17,True
ORD-00376,2025-01-26,NCR,Canned Sardines,8,1169.14,customer375@outlook.ph,9707665448,9353.12,True
ORD-00377,2025-12-21,DAVAO,Instant Coffee,12,991.12,customer376@outlook.ph,9940348305,11893.44,True
ORD-00378,2025-11-02,DAVAO,Cooking Oil 1L,4,282.59,customer377@yahoo.com,9144097647,1130.36,True
ORD-00379,2025-01-13,NCR,Rice 25kg,13,826.64,customer378@gmail.com,9472807202,10746.32,True
ORD-00380,2025-11-12,BAGUIO,Instant Coffee,15,1477.31,customer379@yahoo.com,9672030854,22159.65,True
ORD-00381,2025-11-09,ILOILO,Instant Coffee,11,1407.33,customer380@yahoo.com,9559967386,15480.63,True
ORD-00382,2025-02-05,CEBU,Cooking Oil 1L,10,83.9,customer381@gmail.com,9810303128,839.0,True
ORD-00383,2025-06-22,NCR,Canned Sardines,3,263.93,customer382@outlook.ph,9497897455,791.79,True
ORD-00384,2025-01-20,NCR,Laundry Soap,14,214.96,customer383@outlook.ph,9174041730,3009.44,True
ORD-00385,2025-11-17,NCR,Laundry Soap,16,1094.45,customer384@yahoo.com,9643271261,17511.2,True
ORD-00386,2025-09-21,ILOILO,Instant Coffee,10,1230.32,customer385@yahoo.com,9795294275,12303.2,True
ORD-00387,2025-05-22,NCR,Sugar 1kg,10,336.0,customer386@yahoo.com,9466394187,3360.0,True
ORD-00388,2025-05-23,NCR,Sugar 1kg,12,768.66,customer387@gmail.com,9113585139,9223.92,True
ORD-00389,2025-04-02,BAGUIO,Cooking Oil 1L,9,1264.24,customer388@gmail.com,9551034639,11378.16,True
ORD-00390,2025-12-20,ILOILO,Laundry Soap,1,1104.55,customer389@yahoo.com,9982971099,1104.55,True
ORD-00391,2025-11-18,NCR,Instant Coffee,5,822.51,customer390@outlook.ph,9626350075,4112.55,True
ORD-00392,2025-10-15,ILOILO,Canned Sardines,8,893.71,customer391@outlook.ph,9213321496,7149.68,True
ORD-00393,2025-08-03,CEBU,Laundry Soap,11,772.37,customer392@gmail.com,9565492204,8496.07,True
ORD-00394,2025-12-08,DAVAO,Instant Coffee,12,460.37,customer393@gmail.com,9488896443,5524.44,True
ORD-00395,2025-02-20,NCR,Instant Coffee,1,856.23,customer394@outlook.ph,9782454310,856.23,True
ORD-00396,2025-06-02,BAGUIO,Rice 25kg,11,1039.55,customer395@gmail.com,9989817696,11435.05,True
ORD-00397,2025-07-05,CEBU,Canned Sardines,5,1312.52,customer396@outlook.ph,9593641365,6562.6,True
ORD-00398,2025-03-04,ILOILO,Rice 25kg,15,961.71,customer397@yahoo.com,9859466878,14425.65,True
ORD-00399,2025-07-09,CEBU,Cooking Oil 1L,5,1146.46,customer398@gmail.com,9264272995,5732.3,True
ORD-00400,2025-05-05,NCR,Rice 25kg,12,256.91,customer399@yahoo.com,9567600762,3082.92,True
ORD-00401,2025-05-30,ILOILO,Rice 25kg,5,703.11,customer400@gmail.com,9289125618,3515.55,True
ORD-00402,2025-11-10,DAVAO,Laundry Soap,17,33.81,customer401@gmail.com,9887906704,574.77,True
ORD-00403,2025-02-27,CEBU,Sugar 1kg,17,385.08,customer402@yahoo.com,9660221300,6546.36,True
ORD-00404,2025-12-08,NCR,Instant Coffee,12,1095.16,customer403@yahoo.com,9798423334,13141.92,True
ORD-00405,2025-11-01,BAGUIO,Canned Sardines,15,1487.88,customer404@gmail.com,9389998761,22318.2,True
ORD-00406,2025-06-29,ILOILO,Rice 25kg,15,166.78,customer405@yahoo.com,9761330848,2501.7,True
ORD-00407,2025-06-19,CEBU,Canned Sardines,6,614.21,customer406@outlook.ph,9967797300,3685.26,True
ORD-00408,2025-11-22,CEBU,Sugar 1kg,12,1204.11,customer407@outlook.ph,9677858758,14449.32,True
ORD-00409,2025-09-28,DAVAO,Sugar 1kg,18,321.97,customer408@yahoo.com,9931764920,5795.46,True
ORD-00410,2025-02-23,DAVAO,Rice 25kg,14,841.53,customer409@outlook.ph,9619151495,11781.42,True
ORD-00411,2025-04-11,BAGUIO,Cooking Oil 1L,2,1104.95,customer410@outlook.ph,9599154414,2209.9,True
ORD-00412,2025-09-21,BAGUIO,Rice 25kg,9,931.66,customer411@outlook.ph,9567694547,8384.94,True
ORD-00413,2025-02-22,NCR,Laundry Soap,5,298.28,customer412@gmail.com,9986625773,1491.4,True
ORD-00414,2025-03-01,NCR,Instant Coffee,1,545.97,customer413@outlook.ph,9884933416,545.97,True
ORD-00415,2025-04-18,BAGUIO,Cooking Oil 1L,3,1180.01,customer414@outlook.ph,9736164778,3540.03,True
ORD-00416,2025-01-05,BAGUIO,Rice 25kg,6,840.26,customer415@yahoo.com,9388187517,5041.56,True
ORD-00417,2025-04-13,NCR,Canned Sardines,5,27.74,customer416@outlook.ph,9446071904,138.7,True
ORD-00418,2025-07-15,DAVAO,Cooking Oil 1L,5,1146.27,customer417@gmail.com,9363598427,5731.35,True
ORD-00419,2025-09-19,NCR,Cooking Oil 1L,1,72.26,customer418@gmail.com,9991990632,72.26,True
ORD-00420,2025-12-31,DAVAO,Rice 25kg,17,1123.69,customer419@yahoo.com,9193053577,19102.73,True
ORD-00421,2025-12-16,DAVAO,Cooking Oil 1L,19,319.67,invalid-email,9399496923,6073.73,False
ORD-00422,2025-02-16,BAGUIO,Canned Sardines,14,1437.95,customer421@gmail.com,9584044963,20131.3,True
ORD-00423,2025-12-21,ILOILO,Sugar 1kg,12,564.55,customer422@outlook.ph,9361846370,6774.6,True
ORD-00424,2025-11-07,CEBU,Cooking Oil 1L,10,503.86,customer423@outlook.ph,9905817775,5038.6,True
ORD-00425,2025-11-04,ILOILO,Sugar 1kg,18,240.35,customer424@gmail.com,9598976917,4326.3,True
ORD-00426,2025-05-24,ILOILO,Canned Sardines,11,472.29,customer425@yahoo.com,9711871397,5195.19,True
ORD-00427,2025-09-26,DAVAO,Rice 25kg,2,1317.44,customer426@yahoo.com,9755338677,2634.88,True
ORD-00428,2025-05-04,ILOILO,Instant Coffee,18,1494.57,customer427@outlook.ph,9817461907,26902.26,True
ORD-00429,2025-04-16,NCR,Cooking Oil 1L,7,565.1,customer428@gmail.com,9506936666,3955.7,True
ORD-00430,2025-06-07,DAVAO,Instant Coffee,15,683.94,customer429@outlook.ph,9461203124,10259.1,True
ORD-00431,2025-05-27,NCR,Canned Sardines,11,1088.66,customer430@yahoo.com,9130816384,11975.26,True
ORD-00432,2025-05-25,CEBU,Cooking Oil 1L,18,1331.57,customer431@gmail.com,9630757561,23968.26,True
ORD-00433,2025-04-30,DAVAO,Sugar 1kg,12,897.71,customer432@outlook.ph,9448981305,10772.52,True
ORD-00434,2025-11-15,CEBU,Laundry Soap,6,599.46,customer433@outlook.ph,9295249057,3596.76,True
ORD-00435,2025-10-02,DAVAO,Instant Coffee,13,630.68,customer434@yahoo.com,9623502759,8198.84,True
ORD-00436,2025-04-02,NCR,Cooking Oil 1L,16,1049.51,customer435@outlook.ph,9327761953,16792.16,True
ORD-00437,2025-02-27,ILOILO,Instant Coffee,18,24.76,customer436@yahoo.com,9480990401,445.68,True
ORD-00438,2025-12-12,BAGUIO,Cooking Oil 1L,10,936.99,customer437@yahoo.com,9956665975,9369.9,True
ORD-00439,2025-08-17,CEBU,Rice 25kg,8,546.13,customer438@gmail.com,9377403790,4369.04,True
ORD-00440,2025-04-27,ILOILO,Sugar 1kg,18,1195.41,customer439@gmail.com,9465436049,21517.38,True
ORD-00441,2025-11-14,NCR,Instant Coffee,1,157.63,customer440@outlook.ph,9400281010,157.63,True
ORD-00442,2025-10-06,ILOILO,Laundry Soap,8,890.54,customer441@yahoo.com,9740116562,7124.32,True
ORD-00443,2025-05-07,NCR,Laundry Soap,6,731.84,customer442@yahoo.com,9852890318,4391.04,True
ORD-00444,2025-05-09,ILOILO,Canned Sardines,5,970.64,customer443@gmail.com,9396641124,4853.2,True
ORD-00445,2025-02-27,NCR,Cooking Oil 1L,15,115.98,customer444@gmail.com,9696776072,1739.7,True
ORD-00446,2025-05-02,ILOILO,Instant Coffee,15,878.38,customer445@yahoo.com,9110899674,13175.7,True
ORD-00447,2025-01-01,NCR,Canned Sardines,2,851.0,customer446@gmail.com,9654724287,1702.0,True
ORD-00448,2025-08-27,CEBU,Instant Coffee,1,849.78,customer447@outlook.ph,9305145276,849.78,True
ORD-00449,2025-10-17,BAGUIO,Cooking Oil 1L,11,913.16,customer448@yahoo.com,9191926217,10044.76,True
ORD-00450,2025-04-06,DAVAO,Laundry Soap,10,1021.17,customer449@gmail.com,9359154084,10211.7,True
ORD-00451,2025-05-06,ILOILO,Rice 25kg,18,1211.38,customer450@outlook.ph,9873174285,21804.84,True
ORD-00452,2025-04-28,BAGUIO,Laundry Soap,18,419.33,customer451@yahoo.com,9536398872,7547.94,True
ORD-00453,2025-02-17,DAVAO,Canned Sardines,17,1241.07,customer452@outlook.ph,9624606470,21098.19,True
ORD-00454,2025-03-30,DAVAO,Sugar 1kg,8,757.42,customer453@outlook.ph,9696115913,6059.36,True
ORD-00455,2025-08-25,NCR,Rice 25kg,15,134.05,customer454@yahoo.com,9914073098,2010.75,True
ORD-00456,2025-09-29,CEBU,Canned Sardines,8,106.66,customer455@outlook.ph,9358045858,853.28,True
ORD-00457,2025-07-08,CEBU,Cooking Oil 1L,17,514.67,customer456@gmail.com,9841536135,8749.39,True
ORD-00458,2025-07-11,BAGUIO,Rice 25kg,12,1181.65,customer457@gmail.com,9611201082,14179.8,True
ORD-00459,2025-03-10,CEBU,Canned Sardines,8,1067.37,customer458@gmail.com,9793532952,8538.96,True
ORD-00460,2025-10-05,ILOILO,Cooking Oil 1L,14,1187.15,customer459@outlook.ph,9864334960,16620.1,True
ORD-00461,2025-12-15,CEBU,Laundry Soap,4,785.56,customer460@gmail.com,9627015393,3142.24,True
ORD-00462,2025-09-04,BAGUIO,Sugar 1kg,1,671.49,customer461@outlook.ph,9581223755,671.49,True
ORD-00463,2025-03-17,CEBU,Cooking Oil 1L,1,238.23,customer462@gmail.com,9951405188,238.23,True
ORD-00464,2025-06-03,ILOILO,Instant Coffee,19,505.73,customer463@yahoo.com,9118514813,9608.87,True
ORD-00465,2025-05-24,NCR,Cooking Oil 1L,16,662.35,customer464@outlook.ph,9199915275,10597.6,True
ORD-00466,2025-03-27,BAGUIO,Cooking Oil 1L,14,151.13,customer465@outlook.ph,9415933049,2115.82,True
ORD-00467,2025-07-04,NCR,Sugar 1kg,16,346.51,customer466@gmail.com,9337937327,5544.16,True
ORD-00468,2025-10-12,NCR,Instant Coffee,5,905.37,customer467@yahoo.com,9534222401,4526.85,True
ORD-00469,2025-08-08,NCR,Canned Sardines,9,1108.78,customer468@gmail.com,9842800803,9979.02,True
ORD-00470,2025-03-10,DAVAO,Canned Sardines,2,1497.55,customer469@gmail.com,9361246928,2995.1,True
ORD-00471,2025-02-16,DAVAO,Cooking Oil 1L,18,1401.01,customer470@yahoo.com,9428786222,25218.18,True
ORD-00472,2025-04-04,NCR,Instant Coffee,6,971.0,customer471@yahoo.com,9812921644,5826.0,True
ORD-00473,2025-08-26,BAGUIO,Instant Coffee,9,643.45,customer472@gmail.com,9724440558,5791.05,True
ORD-00474,2025-07-23,ILOILO,Sugar 1kg,1,961.54,customer473@yahoo.com,9496232693,961.54,True
ORD-00475,2025-08-06,NCR,Laundry Soap,9,1182.76,customer474@gmail.com,9608159580,10644.84,True
ORD-00476,2025-12-07,CEBU,Canned Sardines,16,195.14,customer475@outlook.ph,9694287057,3122.24,True
ORD-00477,2025-02-08,BAGUIO,Sugar 1kg,13,626.66,customer476@gmail.com,9670073085,8146.58,True
ORD-00478,2025-04-10,DAVAO,Rice 25kg,9,1262.91,customer477@outlook.ph,9469106688,11366.19,True
ORD-00479,2025-10-16,NCR,Canned Sardines,13,588.07,customer478@gmail.com,9556881239,7644.91,True
ORD-00480,2025-09-11,CEBU,Sugar 1kg,9,866.37,customer479@yahoo.com,9900942073,7797.33,True
ORD-00481,2025-08-10,ILOILO,Canned Sardines,11,889.9,customer480@outlook.ph,9690975123,9788.9,True
ORD-00482,2025-12-23,DAVAO,Laundry Soap,4,293.02,customer481@yahoo.com,9455184454,1172.08,True
ORD-00483,2025-01-23,DAVAO,Rice 25kg,2,556.11,customer482@outlook.ph,9477753674,1112.22,True
ORD-00484,2025-09-07,NCR,Laundry Soap,6,515.08,customer483@outlook.ph,9854684750,3090.48,True
ORD-00485,2025-01-10,ILOILO,Rice 25kg,14,58.77,invalid-email,9587205269,822.78,False
ORD-00486,2025-09-03,BAGUIO,Cooking Oil 1L,4,55.8,customer485@gmail.com,9390894296,223.2,True
ORD-00487,2025-11-21,DAVAO,Sugar 1kg,6,1250.91,customer486@gmail.com,9429233929,7505.46,True
ORD-00488,2025-04-10,NCR,Rice 25kg,19,424.14,customer487@gmail.com,9369942642,8058.66,True
ORD-00489,2025-10-17,BAGUIO,Laundry Soap,6,786.76,customer488@yahoo.com,9347538338,4720.56,True
ORD-00490,2025-06-29,ILOILO,Canned Sardines,2,462.11,customer489@gmail.com,9229553265,924.22,True
ORD-00491,2025-08-11,DAVAO,Rice 25kg,18,1412.21,customer490@gmail.com,9874473159,25419.78,True
ORD-00492,2025-09-07,BAGUIO,Sugar 1kg,13,403.76,customer491@outlook.ph,9306785808,5248.88,True
ORD-00493,2025-05-27,BAGUIO,Rice 25kg,9,655.89,customer492@yahoo.com,9438817025,5903.01,True
ORD-00494,2025-04-06,BAGUIO,Instant Coffee,19,1311.64,customer493@yahoo.com,9228370927,24921.16,True
ORD-00495,2025-09-14,DAVAO,Canned Sardines,13,1266.06,customer494@outlook.ph,9897662466,16458.78,True
ORD-00496,2025-11-21,DAVAO,Sugar 1kg,11,295.43,customer495@outlook.ph,9675379544,3249.73,True
ORD-00497,2025-01-04,CEBU,Sugar 1kg,1,1207.91,customer496@gmail.com,9918394863,1207.91,True
ORD-00498,2025-01-16,ILOILO,Cooking Oil 1L,7,698.12,customer497@yahoo.com,9841057474,4886.84,True
ORD-00499,2025-10-07,NCR,Laundry Soap,15,734.79,customer498@gmail.com,9298803134,11021.85,True
ORD-00500,2025-12-02,BAGUIO,Cooking Oil 1L,1,217.55,customer499@outlook.ph,9305665554,217.55,True
